Workbook

Sheet 项目概述
C2: 开发日报
C3: 项目名称 | D3: xxx系统
C4: 项目描述 | D4: 以下内容由队长负责填写： 本项目是一个基于xxx的xxx系统，xxx
C5: 主要模块和功能 | D5: 以下内容由队长负责填写： 1. xxx 2. xxx 3. xxx 4. xxx 5. xxx 6. xxx 7. xxx …
C6: 主要实现技术 | D6: 以下内容由队长负责填写： 1. html 2. css 3. JavaScript 4. jQuery 5. Bootstrap 6. xxx 7. xxx 8. xxx …
C7: 组长 | D7: =D8 -> 张三
C8: 团队成员 | D8: ='开发日报-张三'!D16 -> 张三 | E8: ='开发日报-李四'!D16 -> 李四 | F8: ='开发日报-王五'!D16 -> 王五 | G8: ='开发日报-赵六'!D16 -> 赵六
C9: 任务划分 | D9: ='开发日报-张三'!H16 -> 1. xxx 2. xxx 3. xxx … | E9: ='开发日报-李四'!H16 -> 1. xxx 2. xxx 3. xxx … | F9: ='开发日报-王五'!H16 -> 1. xxx 2. xxx 3. xxx … | G9: ='开发日报-赵六'!H16 -> 1. xxx 2. xxx 3. xxx …
C10: 任务完成度 | D10: ='开发日报-张三'!N16 -> 1 | E10: ='开发日报-李四'!N16 -> 1 | F10: ='开发日报-王五'!N16 -> 1 | G10: ='开发日报-赵六'!N16 -> 1
C11: 任务占比 | D11: 0.25 | E11: 0.25 | F11: 0.25 | G11: 0.25
C12: 总完成度 | D12: =D10*D11+E10*E11+F10*F11+G10*G11 -> 1
C14: 注：该文档，由组长创建在线共享文档，然后监督促队员的开发进度。

Sheet 开发日报-张三
C3: 开发日报
C4: 相关说明 | D4: 1. 团队成员需要将队长分配的任务模块列到下面的表格中（第1列） 2. 团队成员需要将每一个模块进行细分，评估模块占比（第2列）、预实现技术（第3列）、实现日期（第4列）、每天的实际工作情况（第5-11列） 3. 主要负责模块，由队长负责填写 4. 队员模块在总体项目中所占的比例，有队长负责评估和填写 5. 任务占比：当前任务在该队员所负责项目中所占的比例，总和为100% 6. 预实现技术：由队员自行评估技术选型 7. 日期：是当前任务计划完成的时间安排。由队员自行评估填写。注：当前队员下的各个任务可能会同时进行，有可能不同任务都在同一天进行，所以，这种情况是允许的。例如，可能出现，任务1和任务2都在2021.12.20完成。 8. 详细编写每天的工作内容：计划、已完成、未完成、心得、问题、明日计划和当日的任务完成度 9. 当日的任务完成度：逐次递进，有小变大，完成时的完成度为100% 10. 总完成度：由公式自行计算。 注：下面是模板，各位队员请自行备份一份备用。然后根据实际情况删减自己的内容（例如任务和日期等），多的删掉，不足的补充。
C16: 队员姓名 | D16: 张三 | E16: 学号 | F16: xxxx | G16: 主要负责模块 | H16: 1. xxx 2. xxx 3. xxx … | M16: 队员总完成度 | N16: =N18*D18+N23*D23+N28*D28+N33*D33+N38*D38 -> 1
C17: 任务模块 | D17: 任务占比 | E17: 任务（预）实现技术 | F17: 日期 | G17: 计划完成 | H17: 已完成 | I17: 未完成 | J17: 开发心得 | K17: 遇到的问题 | L17: 明日计划 | M17: 当日任务完成度 | N17: 任务完成度
C18: 1.xxx | D18: 0.2 | F18: 44544 | G18: 1. xxx 2. xxx | H18: 1. xxx 2. xxx | J18: 例如： 1. 今天我学到了。。。 2. 我发现用xxx实现xxx确实很好。。。 … | K18: 例如 1. 无法处理xxx 2. UI效果不好，。。。 | L18: 1. xxx 2. xxx | M18: 0.1 | N18: =MAX(M18:M21) -> 1
F19: 44545 | G19: 1. xxx 2. xxx 3. xxx | H19: 1. xxx 2. xxx | I19: 3. xxx | J19: 例如： 1. 今天我学到了。。。 2. 我发现用xxx实现xxx确实很好。。。 … | K19: 例如 1. 无法处理xxx 2. UI效果不好，。。。 | L19: 1. xxx 2. xxx 3. xxx | M19: 0.45
F20: 44546 | G20: 1. xxx 2. xxx 3. xxx | H20: 1. xxx 2. xxx | I20: 3. xxx | J20: 例如： 1. 今天我学到了。。。 2. 我发现用xxx实现xxx确实很好。。。 … | K20: 例如 1. 无法处理xxx 2. UI效果不好，。。。 | L20: 1. xxx 2. xxx 3. xxx | M20: 1
F21: 44547
F22: 44548
C23: 2.xxx | D23: 0.2 | E23: JavaScript jQuery … | F23: 44544 | G23: 1. xxx 2. xxx | H23: 1. xxx 2. xxx | J23: 例如： 1. 今天我学到了。。。 2. 我发现用xxx实现xxx确实很好。。。 … | K23: 例如 1. 无法处理xxx 2. UI效果不好，。。。 | L23: 1. xxx 2. xxx | M23: 0.1 | N23: =MAX(M23:M26) -> 1
F24: 44545 | G24: 1. xxx 2. xxx | H24: 1. xxx 2. xxx | I24: 3. xxx | J24: 例如： 1. 今天我学到了。。。 2. 我发现用xxx实现xxx确实很好。。。 … | K24: 例如 1. 无法处理xxx 2. UI效果不好，。。。 | L24: 1. xxx 2. xxx 3. xxx | M24: 0.45
F25: 44546 | G25: 1. xxx 2. xxx | H25: 1. xxx 2. xxx | I25: 3. xxx | M25: 1
F26: 44547
F27: 44548
C28: 3.xxx | D28: 0.3 | E28: Bootstrap … | F28: 44544 | G28: 1. xxx 2. xxx | H28: 1. xxx 2. xxx | J28: 例如： 1. 今天我学到了。。。 2. 我发现用xxx实现xxx确实很好。。。 … | K28: 例如 1. 无法处理xxx 2. UI效果不好，。。。 | L28: 1. xxx 2. xxx | M28: 0.1 | N28: =MAX(M28:M31) -> 1
F29: 44545 | G29: 1. xxx | H29: 1. xxx 2. xxx | I29: 3. xxx | J29: 例如： 1. 今天我学到了。。。 2. 我发现用xxx实现xxx确实很好。。。 … | K29: 例如 1. 无法处理xxx 2. UI效果不好，。。。 | L29: 1. xxx 2. xxx 3. xxx | M29: 0.45
F30: 44546 | G30: 1. xxx 2. xxx 3. xxx | H30: 1. xxx 2. xxx | I30: 3. xxx | M30: 1
F31: 44547
F32: 44548
C33: 4.xxx | D33: 0.2 | E33: EasyUI CkPlayer … | F33: 44544 | G33: 1. xxx 2. xxx | H33: 1. xxx 2. xxx | M33: 0.1 | N33: =MAX(M33:M36) -> 1
F34: 44545 | G34: 1. xxx | I34: 1. xxx | M34: 0.45
F35: 44546 | M35: 1
F36: 44547
F37: 44548
C38: 5.xxx 例如文档（word、ppt） | D38: 0.1 | F38: 44544 | G38: 1. xxx 2. xxx | H38: 1. xxx | I38: 2. xxx | J38: 例如： 1. 今天我学到了。。。 2. 我发现用xxx实现xxx确实很好。。。 … | K38: 例如 1. 无法处理xxx 2. UI效果不好，。。。 | L38: 1. xxx 2. xxx | M38: 0.1 | N38: =MAX(M38:M41) -> 1
F39: 44545 | G39: 1. xxx 2. xxx | H39: 1. xxx | I39: 2. xxx | J39: 例如： 1. 今天我学到了。。。 2. 我发现用xxx实现xxx确实很好。。。 … | K39: 例如 1. 无法处理xxx 2. UI效果不好，。。。 | L39: 1. xxx 2. xxx 3. xxx | M39: 0.45
F40: 44546 | M40: 1
F41: 44547
F42: 44548

Sheet 开发日报-李四
C3: 开发日报
C4: 相关说明 | D4: 1. 团队成员需要将队长分配的任务模块列到下面的表格中（第1列） 2. 团队成员需要将每一个模块进行细分，评估模块占比（第2列）、预实现技术（第3列）、实现日期（第4列）、每天的实际工作情况（第5-11列） 3. 主要负责模块，由队长负责填写 4. 队员模块在总体项目中所占的比例，有队长负责评估和填写 5. 任务占比：当前任务在该队员所负责项目中所占的比例，总和为100% 6. 预实现技术：由队员自行评估技术选型 7. 日期：是当前任务计划完成的时间安排。由队员自行评估填写。注：当前队员下的各个任务可能会同时进行，有可能不同任务都在同一天进行，所以，这种情况是允许的。例如，可能出现，任务1和任务2都在2021.12.20完成。 8. 详细编写每天的工作内容：计划、已完成、未完成、心得、问题、明日计划和当日的任务完成度 9. 当日的任务完成度：逐次递进，有小变大，完成时的完成度为100% 10. 总完成度：由公式自行计算。 注：下面是模板，各位队员请自行备份一份备用。然后根据实际情况删减自己的内容（例如任务和日期等），多的删掉，不足的补充。
C16: 队员姓名 | D16: 李四 | E16: 学号 | F16: xxxx | G16: 主要负责模块 | H16: 1. xxx 2. xxx 3. xxx … | M16: 队员总完成度 | N16: =N18*D18+N23*D23+N28*D28+N33*D33+N38*D38 -> 1
C17: 任务模块 | D17: 任务占比 | E17: 任务（预）实现技术 | F17: 日期 | G17: 计划完成 | H17: 已完成 | I17: 未完成 | J17: 开发心得 | K17: 遇到的问题 | L17: 明日计划 | M17: 当日任务完成度 | N17: 任务完成度
C18: 1.xxx | D18: 0.2 | E18: html css … | F18: 44544 | G18: 1. xxx 2. xxx | H18: 1. xxx 2. xxx | J18: 例如： 1. 今天我学到了。。。 2. 我发现用xxx实现xxx确实很好。。。 … | K18: 例如 1. 无法处理xxx 2. UI效果不好，。。。 | L18: 1. xxx 2. xxx | M18: 0.1 | N18: =MAX(M18:M21) -> 1
F19: 44545 | G19: 1. xxx 2. xxx 3. xxx | H19: 1. xxx 2. xxx | I19: 3. xxx | J19: 例如： 1. 今天我学到了。。。 2. 我发现用xxx实现xxx确实很好。。。 … | K19: 例如 1. 无法处理xxx 2. UI效果不好，。。。 | L19: 1. xxx 2. xxx 3. xxx | M19: 0.45
F20: 44546 | G20: 1. xxx 2. xxx 3. xxx | H20: 1. xxx 2. xxx | I20: 3. xxx | J20: 例如： 1. 今天我学到了。。。 2. 我发现用xxx实现xxx确实很好。。。 … | K20: 例如 1. 无法处理xxx 2. UI效果不好，。。。 | L20: 1. xxx 2. xxx 3. xxx | M20: 1
F21: 44547
F22: 44548
C23: 2.xxx | D23: 0.2 | E23: JavaScript jQuery … | F23: 44544 | G23: 1. xxx 2. xxx | H23: 1. xxx 2. xxx | J23: 例如： 1. 今天我学到了。。。 2. 我发现用xxx实现xxx确实很好。。。 … | K23: 例如 1. 无法处理xxx 2. UI效果不好，。。。 | L23: 1. xxx 2. xxx | M23: 0.1 | N23: =MAX(M23:M26) -> 1
F24: 44545 | G24: 1. xxx 2. xxx | H24: 1. xxx 2. xxx | I24: 3. xxx | J24: 例如： 1. 今天我学到了。。。 2. 我发现用xxx实现xxx确实很好。。。 … | K24: 例如 1. 无法处理xxx 2. UI效果不好，。。。 | L24: 1. xxx 2. xxx 3. xxx | M24: 0.45
F25: 44546 | G25: 1. xxx 2. xxx | H25: 1. xxx 2. xxx | I25: 3. xxx | M25: 1
F26: 44547
F27: 44548
C28: 3.xxx | D28: 0.3 | E28: Bootstrap … | F28: 44544 | G28: 1. xxx 2. xxx | H28: 1. xxx 2. xxx | J28: 例如： 1. 今天我学到了。。。 2. 我发现用xxx实现xxx确实很好。。。 … | K28: 例如 1. 无法处理xxx 2. UI效果不好，。。。 | L28: 1. xxx 2. xxx | M28: 0.1 | N28: =MAX(M28:M31) -> 1
F29: 44545 | G29: 1. xxx | H29: 1. xxx 2. xxx | I29: 3. xxx | J29: 例如： 1. 今天我学到了。。。 2. 我发现用xxx实现xxx确实很好。。。 … | K29: 例如 1. 无法处理xxx 2. UI效果不好，。。。 | L29: 1. xxx 2. xxx 3. xxx | M29: 0.45
F30: 44546 | G30: 1. xxx 2. xxx 3. xxx | H30: 1. xxx 2. xxx | I30: 3. xxx | M30: 1
F31: 44547
F32: 44548
C33: 4.xxx | D33: 0.2 | E33: EasyUI CkPlayer … | F33: 44544 | G33: 1. xxx 2. xxx | H33: 1. xxx 2. xxx | M33: 0.1 | N33: =MAX(M33:M36) -> 1
F34: 44545 | G34: 1. xxx | I34: 1. xxx | M34: 0.45
F35: 44546 | M35: 1
F36: 44547
F37: 44548
C38: 5.xxx 例如文档（word、ppt） | D38: 0.1 | F38: 44544 | G38: 1. xxx 2. xxx | H38: 1. xxx | I38: 2. xxx | J38: 例如： 1. 今天我学到了。。。 2. 我发现用xxx实现xxx确实很好。。。 … | K38: 例如 1. 无法处理xxx 2. UI效果不好，。。。 | L38: 1. xxx 2. xxx | M38: 0.1 | N38: =MAX(M38:M41) -> 1
F39: 44545 | G39: 1. xxx 2. xxx | H39: 1. xxx | I39: 2. xxx | J39: 例如： 1. 今天我学到了。。。 2. 我发现用xxx实现xxx确实很好。。。 … | K39: 例如 1. 无法处理xxx 2. UI效果不好，。。。 | L39: 1. xxx 2. xxx 3. xxx | M39: 0.45
F40: 44546 | M40: 1
F41: 44547
F42: 44548

Sheet 开发日报-王五
C3: 开发日报
C4: 相关说明 | D4: 1. 团队成员需要将队长分配的任务模块列到下面的表格中（第1列） 2. 团队成员需要将每一个模块进行细分，评估模块占比（第2列）、预实现技术（第3列）、实现日期（第4列）、每天的实际工作情况（第5-11列） 3. 主要负责模块，由队长负责填写 4. 队员模块在总体项目中所占的比例，有队长负责评估和填写 5. 任务占比：当前任务在该队员所负责项目中所占的比例，总和为100% 6. 预实现技术：由队员自行评估技术选型 7. 日期：是当前任务计划完成的时间安排。由队员自行评估填写。注：当前队员下的各个任务可能会同时进行，有可能不同任务都在同一天进行，所以，这种情况是允许的。例如，可能出现，任务1和任务2都在2021.12.20完成。 8. 详细编写每天的工作内容：计划、已完成、未完成、心得、问题、明日计划和当日的任务完成度 9. 当日的任务完成度：逐次递进，有小变大，完成时的完成度为100% 10. 总完成度：由公式自行计算。 注：下面是模板，各位队员请自行备份一份备用。然后根据实际情况删减自己的内容（例如任务和日期等），多的删掉，不足的补充。
C16: 队员姓名 | D16: 王五 | E16: 学号 | F16: xxxx | G16: 主要负责模块 | H16: 1. xxx 2. xxx 3. xxx … | M16: 队员总完成度 | N16: =N18*D18+N23*D23+N28*D28+N33*D33+N38*D38 -> 1
C17: 任务模块 | D17: 任务占比 | E17: 任务（预）实现技术 | F17: 日期 | G17: 计划完成 | H17: 已完成 | I17: 未完成 | J17: 开发心得 | K17: 遇到的问题 | L17: 明日计划 | M17: 当日任务完成度 | N17: 任务完成度
C18: 1.xxx | D18: 0.2 | E18: html css … | F18: 44544 | G18: 1. xxx 2. xxx | H18: 1. xxx 2. xxx | J18: 例如： 1. 今天我学到了。。。 2. 我发现用xxx实现xxx确实很好。。。 … | K18: 例如 1. 无法处理xxx 2. UI效果不好，。。。 | L18: 1. xxx 2. xxx | M18: 0.1 | N18: =MAX(M18:M21) -> 1
F19: 44545 | G19: 1. xxx 2. xxx 3. xxx | H19: 1. xxx 2. xxx | I19: 3. xxx | J19: 例如： 1. 今天我学到了。。。 2. 我发现用xxx实现xxx确实很好。。。 … | K19: 例如 1. 无法处理xxx 2. UI效果不好，。。。 | L19: 1. xxx 2. xxx 3. xxx | M19: 0.45
F20: 44546 | G20: 1. xxx 2. xxx 3. xxx | H20: 1. xxx 2. xxx | I20: 3. xxx | J20: 例如： 1. 今天我学到了。。。 2. 我发现用xxx实现xxx确实很好。。。 … | K20: 例如 1. 无法处理xxx 2. UI效果不好，。。。 | L20: 1. xxx 2. xxx 3. xxx | M20: 1
F21: 44547
F22: 44548
C23: 2.xxx | D23: 0.2 | E23: JavaScript jQuery … | F23: 44544 | G23: 1. xxx 2. xxx | H23: 1. xxx 2. xxx | J23: 例如： 1. 今天我学到了。。。 2. 我发现用xxx实现xxx确实很好。。。 … | K23: 例如 1. 无法处理xxx 2. UI效果不好，。。。 | L23: 1. xxx 2. xxx | M23: 0.1 | N23: =MAX(M23:M26) -> 1
F24: 44545 | G24: 1. xxx 2. xxx | H24: 1. xxx 2. xxx | I24: 3. xxx | J24: 例如： 1. 今天我学到了。。。 2. 我发现用xxx实现xxx确实很好。。。 … | K24: 例如 1. 无法处理xxx 2. UI效果不好，。。。 | L24: 1. xxx 2. xxx 3. xxx | M24: 0.45
F25: 44546 | G25: 1. xxx 2. xxx | H25: 1. xxx 2. xxx | I25: 3. xxx | M25: 1
F26: 44547
F27: 44548
C28: 3.xxx | D28: 0.3 | E28: Bootstrap … | F28: 44544 | G28: 1. xxx 2. xxx | H28: 1. xxx 2. xxx | J28: 例如： 1. 今天我学到了。。。 2. 我发现用xxx实现xxx确实很好。。。 … | K28: 例如 1. 无法处理xxx 2. UI效果不好，。。。 | L28: 1. xxx 2. xxx | M28: 0.1 | N28: =MAX(M28:M31) -> 1
F29: 44545 | G29: 1. xxx | H29: 1. xxx 2. xxx | I29: 3. xxx | J29: 例如： 1. 今天我学到了。。。 2. 我发现用xxx实现xxx确实很好。。。 … | K29: 例如 1. 无法处理xxx 2. UI效果不好，。。。 | L29: 1. xxx 2. xxx 3. xxx | M29: 0.45
F30: 44546 | G30: 1. xxx 2. xxx 3. xxx | H30: 1. xxx 2. xxx | I30: 3. xxx | M30: 1
F31: 44547
F32: 44548
C33: 4.xxx | D33: 0.2 | E33: EasyUI CkPlayer … | F33: 44544 | G33: 1. xxx 2. xxx | H33: 1. xxx 2. xxx | M33: 0.1 | N33: =MAX(M33:M36) -> 1
F34: 44545 | G34: 1. xxx | I34: 1. xxx | M34: 0.45
F35: 44546 | M35: 1
F36: 44547
F37: 44548
C38: 5.xxx 例如文档（word、ppt） | D38: 0.1 | F38: 44544 | G38: 1. xxx 2. xxx | H38: 1. xxx | I38: 2. xxx | J38: 例如： 1. 今天我学到了。。。 2. 我发现用xxx实现xxx确实很好。。。 … | K38: 例如 1. 无法处理xxx 2. UI效果不好，。。。 | L38: 1. xxx 2. xxx | M38: 0.1 | N38: =MAX(M38:M41) -> 1
F39: 44545 | G39: 1. xxx 2. xxx | H39: 1. xxx | I39: 2. xxx | J39: 例如： 1. 今天我学到了。。。 2. 我发现用xxx实现xxx确实很好。。。 … | K39: 例如 1. 无法处理xxx 2. UI效果不好，。。。 | L39: 1. xxx 2. xxx 3. xxx | M39: 0.45
F40: 44546 | M40: 1
F41: 44547
F42: 44548

Sheet 开发日报-赵六
C3: 开发日报
C4: 相关说明 | D4: 1. 团队成员需要将队长分配的任务模块列到下面的表格中（第1列） 2. 团队成员需要将每一个模块进行细分，评估模块占比（第2列）、预实现技术（第3列）、实现日期（第4列）、每天的实际工作情况（第5-11列） 3. 主要负责模块，由队长负责填写 4. 队员模块在总体项目中所占的比例，有队长负责评估和填写 5. 任务占比：当前任务在该队员所负责项目中所占的比例，总和为100% 6. 预实现技术：由队员自行评估技术选型 7. 日期：是当前任务计划完成的时间安排。由队员自行评估填写。注：当前队员下的各个任务可能会同时进行，有可能不同任务都在同一天进行，所以，这种情况是允许的。例如，可能出现，任务1和任务2都在2021.12.20完成。 8. 详细编写每天的工作内容：计划、已完成、未完成、心得、问题、明日计划和当日的任务完成度 9. 当日的任务完成度：逐次递进，有小变大，完成时的完成度为100% 10. 总完成度：由公式自行计算。 注：下面是模板，各位队员请自行备份一份备用。然后根据实际情况删减自己的内容（例如任务和日期等），多的删掉，不足的补充。
C16: 队员姓名 | D16: 赵六 | E16: 学号 | F16: xxxx | G16: 主要负责模块 | H16: 1. xxx 2. xxx 3. xxx … | M16: 队员总完成度 | N16: =N18*D18+N23*D23+N28*D28+N33*D33+N38*D38 -> 1
C17: 任务模块 | D17: 任务占比 | E17: 任务（预）实现技术 | F17: 日期 | G17: 计划完成 | H17: 已完成 | I17: 未完成 | J17: 开发心得 | K17: 遇到的问题 | L17: 明日计划 | M17: 当日任务完成度 | N17: 任务完成度
C18: 1.xxx | D18: 0.2 | E18: html css … | F18: 44544 | G18: 1. xxx 2. xxx | H18: 1. xxx 2. xxx | J18: 例如： 1. 今天我学到了。。。 2. 我发现用xxx实现xxx确实很好。。。 … | K18: 例如 1. 无法处理xxx 2. UI效果不好，。。。 | L18: 1. xxx 2. xxx | M18: 0.1 | N18: =MAX(M18:M21) -> 1
F19: 44545 | G19: 1. xxx 2. xxx 3. xxx | H19: 1. xxx 2. xxx | I19: 3. xxx | J19: 例如： 1. 今天我学到了。。。 2. 我发现用xxx实现xxx确实很好。。。 … | K19: 例如 1. 无法处理xxx 2. UI效果不好，。。。 | L19: 1. xxx 2. xxx 3. xxx | M19: 0.45
F20: 44546 | G20: 1. xxx 2. xxx 3. xxx | H20: 1. xxx 2. xxx | I20: 3. xxx | J20: 例如： 1. 今天我学到了。。。 2. 我发现用xxx实现xxx确实很好。。。 … | K20: 例如 1. 无法处理xxx 2. UI效果不好，。。。 | L20: 1. xxx 2. xxx 3. xxx | M20: 1
F21: 44547
F22: 44548
C23: 2.xxx | D23: 0.2 | E23: JavaScript jQuery … | F23: 44544 | G23: 1. xxx 2. xxx | H23: 1. xxx 2. xxx | J23: 例如： 1. 今天我学到了。。。 2. 我发现用xxx实现xxx确实很好。。。 … | K23: 例如 1. 无法处理xxx 2. UI效果不好，。。。 | L23: 1. xxx 2. xxx | M23: 0.1 | N23: =MAX(M23:M26) -> 1
F24: 44545 | G24: 1. xxx 2. xxx | H24: 1. xxx 2. xxx | I24: 3. xxx | J24: 例如： 1. 今天我学到了。。。 2. 我发现用xxx实现xxx确实很好。。。 … | K24: 例如 1. 无法处理xxx 2. UI效果不好，。。。 | L24: 1. xxx 2. xxx 3. xxx | M24: 0.45
F25: 44546 | G25: 1. xxx 2. xxx | H25: 1. xxx 2. xxx | I25: 3. xxx | M25: 1
F26: 44547
F27: 44548
C28: 3.xxx | D28: 0.3 | E28: Bootstrap … | F28: 44544 | G28: 1. xxx 2. xxx | H28: 1. xxx 2. xxx | J28: 例如： 1. 今天我学到了。。。 2. 我发现用xxx实现xxx确实很好。。。 … | K28: 例如 1. 无法处理xxx 2. UI效果不好，。。。 | L28: 1. xxx 2. xxx | M28: 0.1 | N28: =MAX(M28:M31) -> 1
F29: 44545 | G29: 1. xxx | H29: 1. xxx 2. xxx | I29: 3. xxx | J29: 例如： 1. 今天我学到了。。。 2. 我发现用xxx实现xxx确实很好。。。 … | K29: 例如 1. 无法处理xxx 2. UI效果不好，。。。 | L29: 1. xxx 2. xxx 3. xxx | M29: 0.45
F30: 44546 | G30: 1. xxx 2. xxx 3. xxx | H30: 1. xxx 2. xxx | I30: 3. xxx | M30: 1
F31: 44547
F32: 44548
C33: 4.xxx | D33: 0.2 | E33: EasyUI CkPlayer … | F33: 44544 | G33: 1. xxx 2. xxx | H33: 1. xxx 2. xxx | M33: 0.1 | N33: =MAX(M33:M36) -> 1
F34: 44545 | G34: 1. xxx | I34: 1. xxx | M34: 0.45
F35: 44546 | M35: 1
F36: 44547
F37: 44548
C38: 5.xxx 例如文档（word、ppt） | D38: 0.1 | F38: 44544 | G38: 1. xxx 2. xxx | H38: 1. xxx | I38: 2. xxx | J38: 例如： 1. 今天我学到了。。。 2. 我发现用xxx实现xxx确实很好。。。 … | K38: 例如 1. 无法处理xxx 2. UI效果不好，。。。 | L38: 1. xxx 2. xxx | M38: 0.1 | N38: =MAX(M38:M41) -> 1
F39: 44545 | G39: 1. xxx 2. xxx | H39: 1. xxx | I39: 2. xxx | J39: 例如： 1. 今天我学到了。。。 2. 我发现用xxx实现xxx确实很好。。。 … | K39: 例如 1. 无法处理xxx 2. UI效果不好，。。。 | L39: 1. xxx 2. xxx 3. xxx | M39: 0.45
F40: 44546 | M40: 1
F41: 44547
F42: 44548
